,Label,R^2 Mean (Train),R^2 STD (Train),R^2 Mean (CV),R^2 STD (CV),MAE Mean (Train),MAE STD (Train),MAE Mean (CV),MAE STD (CV),MSE Mean (Train),MSE STD (Train),MSE Mean (CV),MSE STD (CV),R^2 (Train),R^2 (Test),MAE (Train),MAE (Test),MSE (Train),MSE (Test)
15,NEOFFI_Agreeableness,0.43216082222955143,0.014958562212275935,-0.06290515152965719,0.07676039870825656,0.2403896465042552,0.007137351145611307,0.3592411158293076,0.016009523340668155,0.11567570250401228,0.009059915176481624,0.21408512624313847,0.017318203703954253,0.40295771321968654,-0.1343952126251291,0.24493839055547426,0.34761164152443796,0.12167748055282904,0.20022212236758982
2,FSoZu_EU,0.2639996525635873,0.09433731146123323,-0.1420910100908488,0.008019563891785897,0.2578130636450462,0.022792581837504523,0.38366859006683507,0.04693039220231109,0.23078522214167208,0.07207258751742172,0.34886863509032345,0.15408376288172357,0.21564035134475767,-0.29970477548823693,0.2695758437656173,0.4009729770227164,0.24006381626634457,0.2660421333336671
6,FSoZu_Vert,0.26030987954746,0.031757191337011006,0.0009007869117605427,0.051786474862384094,0.2685408633606044,0.020756332039081955,0.39199033559624613,0.04720125363342936,0.3323151403502435,0.03766643248229956,0.4500440773947032,0.09082116829754737,0.23626183848533666,0.03608659285121141,0.27505826819795187,0.34843364471737986,0.34267163813192836,0.3311273867424339
13,NEOFFI_Extraversion,0.43542722568634523,0.01328344714200535,-0.10652920528331185,0.024224911054537574,0.26546096515785017,0.005761099073201972,0.41078270014036694,0.018793188755503242,0.1451018776111357,0.0048829063306112365,0.28373431085194906,0.01719093168732096,0.3990219260186584,-0.09507872473249002,0.27433251096281,0.4839840276249123,0.15459838820399227,0.3884053603813597
3,FSoZu_PU,0.28206247909797516,0.03073552419996118,-0.16842034315236676,0.05899224266194049,0.282422059343312,0.00276828575910446,0.42933625505514766,0.009444959185189677,0.23321723328492105,0.015475200237602292,0.3774319193742463,0.01363290455343185,0.24787124034701769,-0.03186846046329306,0.2957209581478462,0.42849189378544306,0.24428484433548364,0.48438795579933686
14,NEOFFI_OpennessForExperiences,0.3827797904584664,0.006258475373025013,-0.16555311276114834,0.05296304070799984,0.28329402939797615,0.009540195162526788,0.4365029952515423,0.025671712740000588,0.14630386066634982,0.011962445509771753,0.273651534975812,0.0307024875632687,0.33823523460569827,-0.06597776071941674,0.2992619460615985,0.40832150729515837,0.1569621263468762,0.25053086060460406
12,NEOFFI_Neuroticism,0.38220589208524164,0.07139863469627553,-0.10497640312558539,0.10678502973448184,0.32556101475522675,0.02734257088729296,0.4990547932851432,0.03728221268961516,0.2088054525414557,0.024600674676061807,0.37445121535075976,0.05894776560700475,0.3450125950355304,0.009246115952019851,0.3388939765062183,0.4392280131788236,0.2216625882772864,0.32415362393961206
4,FSoZu_SI,0.3687371967260957,0.031622877431533275,-0.13540743695415994,0.055219171764225965,0.3250824735950622,0.005884905427523822,0.5016931759602273,0.011088266635327575,0.2347518402870917,0.01378220000907268,0.4204196905978202,0.018626026909865964,0.3234367820021733,-0.14180261497322322,0.340109546870513,0.4623347873025122,0.2518213114695355,0.32828223153879765
16,NEOFFI_Conscientiousness,0.3259725979234031,0.009391433504923321,-0.12633707071412167,0.045191210214973535,0.36067029000891687,0.011570773584736406,0.5150479758817621,0.030801878621121496,0.24826159752624874,0.009550223363327968,0.41096361504539103,0.024982282140046583,0.2950282632728234,-0.07856767332460213,0.37214802422146914,0.48474224772406216,0.26031528133941506,0.3686918406248709
9,TeiQueSF_emotionality,0.39648254828021834,0.01711150696512244,-0.09614073486073349,0.03225913123284149,0.42224808767788,0.011902998356633865,0.6146313109665847,0.02195728871632476,0.3362000556754636,0.018592978192061984,0.5959159816347785,0.05283198329555602,0.3778486237665547,-0.06633021077640011,0.4318529026932433,0.7180846746551222,0.3491340780290553,0.7270771841107082
8,TeiQueSF_self_control,0.42839058354773324,0.016696429191522484,-0.04772675343670681,0.009402374862686802,0.42471776010260026,0.005070774755004299,0.6351582215169457,0.005492674491894654,0.32013633111256684,0.0038757374350721404,0.5869306621804994,0.03964749709110557,0.41406480205882934,-0.11753078722895127,0.43786694467581994,0.676352239664428,0.3285425417272804,0.7235907759948191
10,TeiQueSF_sociability,0.3626970757199375,0.08468410489993644,-0.12577401073837638,0.12015964270638281,0.47330610196305134,0.01717202530722755,0.697746419242435,0.007992388677350446,0.4191333749710082,0.03996973779768016,0.7416341295809462,0.08231687568345902,0.3381047631385877,0.06722686188024463,0.4962471529272229,0.4945448881766197,0.43751845109728993,0.4415834846743773
77,STAXI_State_Anger,0.00481785181958901,0.02035798351579135,-0.09506104714478118,0.040618738096603366,0.6007401769283058,0.014667370211895658,0.7128654559659964,0.04494407763516196,2.5716167306773166,0.33873519736501895,2.820285738409518,0.789894950535022,-0.008683504098961903,-0.13171923218477666,0.6063874466383183,0.9892851696198495,2.6150501167246754,5.826010248525183
36,NYC-Q_lemon_9,0.024772438175261164,0.03841397128727995,-0.12620331629940704,0.01120909357823291,0.6345071686102292,0.03293539599150195,0.7547735589418121,0.05661471387391944,2.2654531178228154,0.11943010023091932,2.6127436084969613,0.0981934521597216,0.0007314314240572939,-0.33116428423865063,0.6459246177489313,1.2330101886879585,2.3209096524333495,4.400456292670568
0,ERQ_reappraisal,0.2878697496015797,0.02835090458193096,-0.10779840081444496,0.05880804761378792,0.5664407013826925,0.016607735916904086,0.78557626555759,0.020489819988912052,0.677285725706219,0.045817679275329516,1.037402412886865,0.040713797023894785,0.26721243017726415,-0.02667389211632809,0.5838112202376788,0.8956526558110198,0.6987309008217994,1.2167236870310003
110,COPE_BehavioralDisengagement,0.2753693099978702,0.04576604892754017,-0.038659841546233475,0.056381527411839966,0.6057688412243567,0.04042629904067337,0.7934991240623326,0.06176546406378229,0.6597890139594057,0.09081508354003304,0.9355958145368123,0.1473213177426047,0.25905633516997895,-0.0591073187089759,0.6177448656604553,0.7449580727319122,0.672500150754664,1.3132652222781913
11,TeiQueSF_well_being,0.2453792123002886,0.022688336610788198,-0.15123716927862482,0.11942330451893633,0.5585281002665496,0.013569783053795338,0.7958741309715057,0.025374614737818754,0.6877428636405859,0.059416552984146456,1.0235434887965449,0.11846449314948622,0.2129249126964119,-0.29411273378634006,0.5827757446083606,0.6745315872936073,0.7203643071144811,0.7216930827404443
113,COPE_Alkoholâ€Ž_Drogen,0.018960008512423077,0.057900534972195015,-0.22750692522463703,0.04891295751410705,0.648605431115667,0.03184287333876703,0.8223482872176372,0.06943869456198208,1.4178438754385168,0.17328222222058698,1.7668539794478455,0.5290291799214568,0.005684700872338411,-0.1389120184724042,0.659160688536889,0.7178796420752991,1.4515957407711848,1.340336957965551
5,FSoZu_Zuf,0.29556774129083735,0.027110079554031816,-0.19951086818615602,0.035003229873282686,0.5868244241049906,0.021908447786163725,0.8382733251800945,0.04009641312868112,0.6217776540291821,0.013513803127315264,1.044143905518666,0.114301018018113,0.25525787780204445,-0.06523795418997991,0.6109583777169562,0.8706360011400321,0.6620848049701171,0.9990545310006618
120,COPE_Denial,0.2748555001110918,0.063993283508384,-0.019480695244650792,0.0607937213976597,0.6474724094539867,0.04722934406880465,0.8925487017988355,0.07882138695435355,0.98974601365208,0.1688294243659071,1.3846602820206888,0.28611988281496253,0.25759753765655236,-0.5792720488691936,0.6597637096616479,1.3730064191669349,1.008417808811021,3.141931111031019
1,ERQ_suppression,0.3041600621308352,0.005323536605474077,-0.04237314724926744,0.03922770237445294,0.7131360226206841,0.02066844603125981,0.9478710789441029,0.043895011242026626,0.9259985726906304,0.06196523176722981,1.3746101995724354,0.1506695640525595,0.28283075329655216,0.05226074296925809,0.7308055882932505,0.8877584398886535,0.9559088653694695,1.1678502974949823
119,COPE_Religion,-0.0032244490134843242,0.07486704649558516,-0.216756199365537,0.07271667619557814,0.7749343225738897,0.061159090223237615,0.9519189376996731,0.1171798705514313,2.0237669467418287,0.29091009250633754,2.468120146130728,0.6788368547112555,-0.0636835439039507,-0.15475410822653646,0.7962037452947301,0.5404939567193819,2.147123208856742,0.7015074266938326
37,NYC-Q_lemon_10,0.04806090373749986,0.05200753441755418,-0.1322140124913517,0.07642781532554889,0.8545316229930995,0.12475911013453264,1.030253755855324,0.25159249816328333,3.493865874508021,0.8038496631541913,4.1673061572914465,1.7584775415283749,0.0046082037452910285,-0.21402252394072008,0.8707189274352143,1.1127647494376391,3.6355360132439,4.420287138450827
116,COPE_Planning,0.2735770762891245,0.033669934454928725,-0.14938940165567413,0.022740839654771708,0.7180808841349383,0.012707899823014492,1.0345683564759487,0.022603783801069005,1.0495510784194026,0.06581186695177924,1.6483105486407201,0.09369350538193572,0.2454558720823794,0.011392513167155727,0.7504736249507018,0.8998386698694963,1.0918814106158339,1.189448850035572
115,COPE_Venting,0.3428352110746693,0.0307065273266786,-0.09903232917037201,0.08191357600563667,0.7652743532275723,0.025436392571249574,1.0771290319641607,0.02575562583510995,1.088537577005119,0.09851929053108915,1.7712091755973443,0.14842207708631644,0.31452645273818103,-0.3098836231414577,0.786499251173753,1.176500066208549,1.1407377215054406,2.1719437853798524
108,COPE_SelfDistraction,0.2489422309856014,0.0290594047333221,-0.06856654871762495,0.061075304636812114,0.8848831209961571,0.03526554564854039,1.1348909304516548,0.0904658849758788,1.4503589080248018,0.10834098817615893,2.031425168210265,0.2700167174524631,0.2253726616479167,-0.020611075986717298,0.896541074305776,1.0945562108555342,1.5040553497621896,1.6721648924121626
121,COPE_activeCoping,0.20377129546210734,0.047854831703232695,-0.1502018132228186,0.038592621395699765,0.8518883525472297,0.02068064549874662,1.1349334028201767,0.061993602761934156,1.3637250274406225,0.025175252332746246,1.9616879146080937,0.21169749081458955,0.15655229243028912,-0.07337149703995238,0.8837487356291488,1.0017222869922493,1.4526043852589463,1.4749154693053914
117,COPE_Acceptance,0.19457683604952494,0.0010852833279617242,-0.07828720217512657,0.05015391734437878,0.9635022667534682,0.0334901019943578,1.2005248748783435,0.038160395734086985,1.785819408372527,0.06142949740122041,2.3690312932239252,0.19665017378166844,0.1658542413247588,-0.12272502520925288,0.9811596035484612,1.390215191843305,1.8554396042327481,2.716389278612788
111,COPE_positiveReframing,0.2612320186739772,0.012654434115101502,-0.05911967260754003,0.02268499359295647,0.922542278845425,0.04180479078902852,1.2210428978168493,0.07936814249678144,1.508505605610588,0.11643213236168833,2.1432966795989548,0.23082136708200598,0.25189748150705216,-0.042688986706652665,0.9450142459432417,1.4683170230255254,1.5286670792084691,3.002615227991545
118,COPE_SelfBlame,0.20822209813008485,0.03391973092015307,-0.09921843261965295,0.05867939050017864,0.9372413062865345,0.07929765006847475,1.233943260885721,0.1369827410174141,1.7282854473216338,0.2413438402608533,2.346258044417197,0.5443681106454845,0.19961745016105192,0.02065974344905963,0.9598255040859385,1.2160666661881214,1.7526786022134855,2.296073211611212
109,COPE_UseOfEmotionalSupport,0.20117575030043033,0.017130945900253762,-0.0769120403484876,0.049839239875751465,1.0064134386758825,0.026348266739096723,1.2363282407659826,0.031362931370563195,1.8340080544904334,0.10432227874804624,2.4236617631537247,0.12359221780496703,0.17852506788292144,-0.06177624096387535,1.025911520791031,1.0472545828983928,1.8939560934921535,1.7396097254976843
112,COPE_Humor,0.2342158685185434,0.02984444102011736,-0.010636693298390565,0.05257889407206707,0.992535503927343,0.013934941064679091,1.2447307205244307,0.021261048742073,1.8865249546018834,0.0483849786648691,2.4777181893421476,0.058728982412200655,0.21488277124881716,-0.08542906192364486,1.0114043689820442,1.2818502947150667,1.9375967965798526,2.6161623543800667
38,NYC-Q_lemon_11,-0.08467607594514504,0.03641968170482926,-0.24539866534112406,0.165582302531129,1.1223043079491823,0.13084018202813982,1.3152661361322566,0.2690020661658991,4.486821445938014,0.3721572795800168,5.083850193776434,1.1117326174552875,-0.11405652666163002,-0.17855664671801108,1.1356687382454902,1.3166068834965092,4.63256345628083,5.422445373920213
104,CERQ_BlamingOthers,0.17631460267945434,0.015880122165298306,-0.05990486693897886,0.06198940913147692,1.1485136319507556,0.031918333713809977,1.409848397254718,0.047053510450761754,2.7983610149746725,0.2661889377846971,3.5523668301903943,0.5153251046943802,0.17045388920524707,-0.03283148447997508,1.1656623945185436,1.3588669593993756,2.8220111530438854,2.725697290402774
64,BAS_Fun,0.2752252161739675,0.02648111544126109,-0.24416393739550854,0.10236377726231517,1.0316542930172654,0.03047538602595438,1.4867931311386726,0.049751224368501275,1.9079720492626058,0.04574591205107794,3.142001427123328,0.0861633135531799,0.24604571073781323,-0.0513095588068182,1.0816543703244283,1.5947011458827485,2.0085619855952532,3.6923705872097456
114,COPE_UseOfInstrumentalSupport,0.17904788350280662,0.02597200276994654,-0.1637682313977685,0.1096525645703091,1.2177844613415958,0.017251764704407355,1.5626372915948046,0.007519284554138964,2.462305154727878,0.04876582571778307,3.4202266215598054,0.16524472880420807,0.15232297232625314,-0.16314902823573063,1.2550450745090875,1.299674716001867,2.5565111540974135,2.6673660818449894
65,BAS_Reward,0.20854532193030795,0.022545286358787643,-0.022958039794688172,0.01866783174093806,1.319201659861788,0.05354080015837883,1.5690609616753453,0.08807423372030303,2.984324159987935,0.18407544965149367,3.843962427431196,0.26128683699843347,0.19072713986687861,-0.06594848962968602,1.3354175298153501,1.570641773890973,3.0515000601740474,3.7928423575778174
68,LOT_Pessimism,0.1710175951449245,0.025097135072247725,-0.08870102967995137,0.09064165544548342,1.3470760489303564,0.04921540005432614,1.6352078721344707,0.05715407113561988,3.6311962713120223,0.3405116126643262,4.637087535524654,0.7007027351093453,0.16503641777942557,-0.29116356920670516,1.3768394654907843,2.15368692629515,3.6766394424209716,7.203691024515517
96,CERQ_SelfBlame,0.0904990394193097,0.025881918850648316,-0.08459164639053134,0.046243072642356844,1.4043557379457987,0.02132061704292052,1.6607697767284602,0.0656239074353928,4.303604526812695,0.3819967850957931,5.145447475628422,0.9546416379274427,0.06694008084657432,-0.08334882585712378,1.4256289934472666,2.105658314809515,4.414206178174434,8.158236325685401
63,BAS_Drive,0.21157767881202794,0.016114976850082938,-0.06952907283554759,0.05527157307318238,1.411593236092558,0.06077483539576225,1.720019308684159,0.12165430374035982,3.4319169982005353,0.1863127584879312,4.590098177125584,0.4659826350438529,0.19361186652728657,-0.051006200721742,1.4309767997252465,1.5415029361424577,3.526258167982934,3.8889302417238425
67,LOT_Optimism,0.12258371810580056,0.00308035020734803,-0.0530551774481296,0.02735869581079474,1.5369678189089884,0.06660022023366756,1.8042526689745524,0.12084402193659122,4.667795097316861,0.16265630000307774,5.6014383843823135,0.48538141305056515,0.10685113100858712,-0.10739769009134492,1.5589370990582334,2.0541824360449654,4.753294533506856,5.785261042383844
79,STAXI_TAT,0.15338585035466845,0.027023432847773168,-0.04803803102837708,0.04497826764283868,1.5114357268241427,0.03269224156509504,1.8051102086048323,0.012501306304844367,4.7439161699581325,0.2592946688174838,5.831268001466996,0.4880084586405219,0.13258224663362506,-0.28076965842901136,1.5351376544734,1.8833620053773141,4.869030850627066,4.937825954653333
49,NYC-Q_lemon_22,-0.08347757918169292,0.03482679642321187,-0.2605925629352223,0.06389726826330516,1.5699917041431277,0.040797918106238534,1.8348864703732524,0.14510384993614944,7.154342930987922,0.2509327851533796,8.314346861292874,0.7167758472382274,-0.07963669739223511,-0.0868528353418152,1.5957151872483943,1.3140885487812244,7.136311616774226,4.6703945639671955
103,CERQ_Catastrophizing,0.17661810974765582,0.026726023346716934,-0.11988353915766525,0.12590989453558013,1.4869977702573287,0.11775588767590443,1.874728624992363,0.30798104733507514,4.685125371137484,0.6705518324670687,6.166189151008638,2.382763920649208,0.15525016513429724,-0.11097056205273392,1.5319930104299393,1.130223407883636,4.886990261392081,2.433763256252274
75,FEV_STOER,0.13373874249591614,0.022179941093228326,-0.0015612355650348093,0.008989857570839371,1.687728962994355,0.032219072983303926,1.9141984835064723,0.016069041121027833,5.840186405897053,0.454554778100848,6.7264261387064215,0.6567378511761491,0.12438597323579126,-0.07698270491582293,1.7008519316314255,1.8572626022654157,5.898845038046998,5.89826819983485
41,NYC-Q_lemon_14,0.2565718748840224,0.03929114275207706,0.039942259208659237,0.07590038024667055,1.5902211665710115,0.07771114725044215,1.9243785975461132,0.10199920515837808,4.487686549990728,0.34182536721977097,5.804387657627612,0.6975448508639481,0.239181671884382,-0.11393282187480525,1.6122927245832837,2.328047233689636,4.588169700618348,7.4262188124987025
80,STAXI_TAR,0.14360348033287837,0.0066402086427992625,-0.05785031162171409,0.040104550559593576,1.6882799904520696,0.02991505266990574,1.9740821437957703,0.09253253583005755,5.411320125571213,0.26040893920337493,6.61888444337691,0.5796831618937224,0.12987250453943922,-0.04578873400236172,1.7046706030180405,1.9065327530251175,5.51323879396929,6.027208443303551
29,NYC-Q_lemon_2,0.14783048970769566,0.010790146494077852,-0.019669665686350868,0.031522475127258386,1.7019705999646302,0.06954361361007926,1.986584239353559,0.15312300957325872,5.428810570941433,0.1687576892515345,6.49429256042702,0.6700533679804203,0.14553063352759565,-0.12308303022725342,1.7148189118812975,2.656970314202955,5.449945783796849,9.495626409416488
28,NYC-Q_lemon_1,0.021325621993802835,0.05860904372621995,-0.21474780540223262,0.1035608500374413,1.644428095214652,0.04523857722170668,2.009488775135212,0.08717191761860874,6.236012643204677,0.4894031232404171,7.723074201535344,0.8597022223966347,0.010252587321689655,-0.35593357200202425,1.6968536694418332,2.2676343993358183,6.305816766968551,9.656457890812572
33,NYC-Q_lemon_6,0.02873043932713341,0.026198947820990966,-0.1195305650973224,0.03876578512638977,1.84388842815107,0.07493889620307326,2.079913946511958,0.13178564355182112,7.187131293580639,0.47763379260198296,8.261044739745254,0.660860826422676,0.021942557643385263,-0.10230789606172452,1.8384109008557976,2.0466233717417706,7.232665659879335,7.206673056172115
102,CERQ_PuttingIntoPerspective,0.135853307596795,0.016154016938729428,-0.030705253615132728,0.021551484447964158,1.778210339770806,0.05525649610586128,2.0819158883489877,0.10136301734586184,5.710632727336962,0.25572902749632803,6.795795881542664,0.5848374797628536,0.12326862492452217,-0.04612627140358683,1.7992159270461008,2.5456544075371834,5.798474206161584,9.010029030497689
100,CERQ_RefocusOnPlanning,0.13568260976221616,0.021510383165008914,-0.08750893001738864,0.048121112208594836,1.771355797835098,0.04440351711037924,2.118410394117448,0.08955745003864178,5.3032928823252625,0.23920991466387814,6.664109184865564,0.5364813081659419,0.12559294582557712,0.0021139537949266263,1.8037000459088013,2.105166029168038,5.366594247677999,6.559411367493966
98,CERQ_Rumination,0.17810755111592266,0.03519640815726311,-0.06765337034110745,0.07271860856517985,1.8297493191561698,0.020237809144603786,2.1668707110958922,0.07411335863660218,5.660259147715061,0.14359884950991267,7.253103930156485,0.37523591475731366,0.16982309606967994,0.024320115517495355,1.8455700734167364,2.6214696918963827,5.745024760347187,9.650314386689546
45,NYC-Q_lemon_18,-0.06641717778905469,0.06654309035629115,-0.28179338378817914,0.14836496191477117,1.815514072586451,0.1483519560286099,2.1753416272476698,0.30667612947345424,7.024366429745562,0.7486302986083202,8.49579084067719,2.9208983605073153,-0.06708830103718788,-0.20515818261394259,1.8529915683419302,2.127391582562068,7.110063370717541,9.48438096376653
40,NYC-Q_lemon_13,0.17340580115480156,0.006594881778748292,0.0015256752752405012,0.01666957621676087,1.9378812599801034,0.07129438566721329,2.2053021254290286,0.15377164177079852,5.772788292914775,0.21118085938035933,6.9199143295031,0.6784981312571328,0.17410820314933373,-0.07246004091646419,1.934672844770904,2.2634936953286577,5.787317308051486,7.413441729254246
51,NYC-Q_lemon_24,0.04411678833136797,0.040291911995789936,-0.14320584860486774,0.08520727318460893,1.887346575950226,0.060708597840866386,2.2136626170342253,0.10108771065732078,7.164039889563544,0.5651784164993998,8.469701862048709,1.4148155837280083,0.044640283781082535,-0.14504420902898496,1.9183367078181102,2.107571861299626,7.1901653592945465,7.675786163878718
99,CERQ_positiveRefocusing,0.12565691723325612,0.025227214957130754,-0.06718644151143587,0.07440968461984361,1.8737280934802403,0.14234277290573782,2.2140406695212387,0.26770565647886563,5.856796858427773,0.8109431798659131,6.977413975753284,1.4249684826466134,0.10405544056618377,-0.1718206386288743,1.906022179243468,2.6921089266229004,6.011693745852512,10.192759401091394
44,NYC-Q_lemon_17,-0.022370377825372767,0.048783781697975905,-0.2987965181951977,0.14943091258710975,1.869582368825845,0.12993199787826373,2.2927645124807414,0.25051177248375583,7.2348202049107355,0.34513718080441214,9.218045333161344,2.685614259517521,-0.04340026113892037,-0.1419893733848645,1.9155430657962829,2.096585839341936,7.464453569363286,7.830998793165113
31,NYC-Q_lemon_4,0.09811533256620679,0.04677589734060871,-0.05418384925129449,0.07560484760389447,2.0066933607268638,0.07240030944683942,2.295782961013943,0.1312249863334936,7.365051717377949,0.6501548207151,8.539473337390527,0.4899738570968296,0.10786202594987682,-0.34823998709134085,2.0240566457168425,2.2728937369055315,7.278278321414259,7.1214727523286205
48,NYC-Q_lemon_21,0.027861059125992387,0.014526480046271472,-0.12500989729496773,0.08228770692363933,2.04510332425974,0.02187313284501242,2.3244094571643483,0.04535337481404729,7.333926025355119,0.2848167177887118,8.456479794839224,0.4176537651421215,0.02352397670414419,0.12046074107367943,2.0359232839372368,1.7481220570289417,7.365420293567438,5.136139183289664
30,NYC-Q_lemon_3,0.14503730994258657,0.020008293116599594,-0.21745529162658736,0.15561614120222872,1.879292213381441,0.12514783999178397,2.3278920902535183,0.20290869041341283,5.746808061021587,0.42177764693055814,7.797308006106547,1.528523655241224,0.13201829241084972,-0.05516813332709347,1.923561576370148,2.5143804664882046,5.912233718639379,8.534305309789547
57,NYC-Q_lemon_30,0.14254146539211318,0.02006706505943425,-0.16600963444162717,0.09834750634854976,1.9157580583021332,0.04992640372502148,2.3332029841098954,0.09729886338529732,5.832239904690368,0.04385510324185795,7.8518684070768705,0.9634121181427274,0.10897913766564804,-0.4818938999176672,1.9520637341698357,2.3875990746927482,6.089924024200159,8.242486780607141
46,NYC-Q_lemon_19,0.08077250313910737,0.006856852993179346,-0.0757184206678964,0.03056951855576099,2.08924123827382,0.08195766152705276,2.378004676193628,0.18350732123442423,7.727313344005213,0.4678649665151535,9.024214145108033,0.977553587654705,0.0779969283640557,0.07060715277383633,2.096930423559366,2.0916289271659068,7.750948241599606,7.139399097298158
39,NYC-Q_lemon_12,0.15579633424621978,0.017367511552442115,-0.14177242577106017,0.11487227722285241,2.0353356375320497,0.05512483325072758,2.400133348044291,0.09106134748217666,6.010104445195829,0.1381657386457326,7.78533245296206,0.47724180125955007,0.14817747937052006,-0.10018637029846578,2.067882268439199,2.527454867419622,6.137595476858047,8.471652050582271
76,FEV_HUNGER,0.14223259825855158,0.016681000541422335,-0.11045258889549614,0.024788702135437414,2.006043602049996,0.010601004701115264,2.4081499353325273,0.07841541817511993,7.178697724957806,0.12858623676904718,9.207690130828981,0.4275519134341884,0.10259846732059474,-0.00515115035663638,2.04578416953338,2.081453567590898,7.535724343040457,7.196644330955801
97,CERQ_Acceptance,0.15075943830583646,0.016082031719846915,-0.07167687407378993,0.024686955681680535,2.0187794824636462,0.07324272725316681,2.430661558074362,0.17457815618223035,6.42107687068118,0.4915906897296294,8.092091958700745,1.1758368639201406,0.133557209278497,-0.07158605017156772,2.0577184147942225,2.48423466426379,6.552580414840084,9.009495338326106
52,NYC-Q_lemon_25,0.1385271587698573,0.03215013424420025,-0.0947137854050119,0.08868240036656617,2.073338093735908,0.0342159442566368,2.43903864098249,0.05342337707545502,6.4193482283442975,0.2899563845361276,8.05892349989506,0.4490821234321374,0.11574263361986159,-0.020812985054110555,2.111180746860549,2.9342961245711408,6.608784622342157,10.664509094352278
22,TICS_LackSocialRecognition,0.10789867350478706,0.0062727527632902,-0.05849314129630471,0.0016737789892413198,2.1287690680647464,0.09431321885799454,2.4598624060590053,0.17509854019307267,8.884440854880621,0.6026032140957585,10.435761772708581,1.3476989690306003,0.09742325433413146,-0.19636370898026967,2.148433153301402,2.1406918327577293,9.015197339444898,7.371676976044108
58,NYC-Q_lemon_31,0.1688913898040254,0.0023678056357164506,-0.08512480419962161,0.04640031353795793,2.0924102714416812,0.0938918008905312,2.4682205705005456,0.1505509099291542,6.1595443275821475,0.37415204447633377,7.945069506858478,0.741177279646838,0.1543771877556348,0.09319900567670591,2.124139822070781,2.0352091519259834,6.283343041983557,5.6673571676773395
101,CERQ_PositiveReappraisal,0.15882704115148574,0.011726500730453593,-0.1154364627967485,0.02432603775086494,2.051033818292233,0.06091364354250924,2.474647633440651,0.14126346059706688,6.620521754035297,0.2239506046347206,8.69959281913643,0.7585225536149552,0.13578945572509715,-0.14855386061918452,2.0999669704928228,2.055851365388588,6.827036025466861,6.417101056897981
32,NYC-Q_lemon_5,0.08035013697724336,0.004014656644294844,-0.17185507541584202,0.09938928169274965,2.063317558858227,0.023012462381723185,2.481482356750739,0.10683360096666812,6.7542636849020035,0.18093812238456633,8.590454618389524,0.9752758385196213,0.1168947385988669,-0.10685167287326003,2.088809804500948,2.790633886081209,6.492761451580988,9.886710603324206
66,BIS,0.1486559626764065,0.008775742674844045,-0.113173993005467,0.04287114967674671,2.075677190279711,0.12696055630456624,2.490022098396986,0.22904143187291384,7.370296065696418,0.517236627068324,9.512121170949774,1.0597932814127695,0.11836598881264604,-0.05983666247650343,2.134033357039808,3.318449497336328,7.659086789496451,15.523366973472415
50,NYC-Q_lemon_23,0.06937223136068726,0.03161326078763892,-0.1696767952298801,0.12522191818385,2.0858424649846046,0.07520156710593218,2.502172245406044,0.1857495268287176,7.562299133834031,0.15952887471336757,9.552458943634129,1.7171607811228418,0.08517835277297925,-0.3159932488214734,2.12653225284986,3.216847693269743,7.449691599312216,14.229339230846778
55,NYC-Q_lemon_28,0.1886758944522449,0.031186000665598432,-0.12249527682107719,0.03362777769903966,2.03922866449523,0.08473290672133398,2.5022100106268614,0.06848050460047769,6.011869607518921,0.180998240309217,8.31624529958814,0.40844565715359693,0.16220458825217576,0.047925259923379926,2.078275970486281,2.0497819411005938,6.212272256768507,5.785059005777858
47,NYC-Q_lemon_20,0.09035922992373453,0.060655379363188246,-0.2061246916593873,0.1857203269404022,2.087180872804028,0.1032661000634803,2.5278896975117364,0.2090800472314375,7.23720869737555,0.31210887629369666,9.427698533101847,2.0496228329346224,0.07236868596734691,-0.042060220743831866,2.121806015552993,2.319484587221664,7.462217582410601,8.01310739107157
53,NYC-Q_lemon_26,0.23102844897923513,0.01819957296904154,-0.08157210579851366,0.11193200560776213,2.033314869970901,0.12666742143504367,2.530527480891727,0.1650725402552136,6.005886672529048,0.5219042813048161,8.290408651500043,1.0072094450147424,0.21122108064925949,-0.1302374055977995,2.064398187830933,2.5580633877722208,6.1733229822164475,8.508361797563976
56,NYC-Q_lemon_29,0.1499022718371237,0.021867230256504562,-0.0965566470370421,0.06382392803025404,2.1659099932244907,0.032427912029728403,2.536849696593239,0.08969023897761626,6.403795517886355,0.08098293652282164,8.21208158238511,0.7017533970474692,0.14983386884180716,-0.1000762158257984,2.187680239308719,2.5897421774683513,6.423582238934612,8.266844935495648
82,STAXI_AO,0.05191895633407895,0.020261988455256737,-0.11649438371419163,0.08659438329469982,2.199014252263698,0.14582054312857062,2.5660804066029077,0.3772228879644471,10.360717938084042,1.9963167743898582,11.957613377540824,4.536927913730277,0.05111660971580301,-0.1907707463233279,2.2381300000048325,2.745668683340481,10.422861746951847,11.707288455305092
34,NYC-Q_lemon_7,0.1084456891650351,0.02639848985154264,-0.16935002833936222,0.05401771948925484,2.1734954653851624,0.07634557412635291,2.6200778752710834,0.17901624274063843,7.3046960700554235,0.2903438486935346,9.584141315566987,1.216108234467796,0.0880419271357542,-0.1178517365464753,2.234490210502215,2.3676719550630585,7.484531639424313,7.21569253741834
43,NYC-Q_lemon_16,0.14327657313730358,0.015457913060325245,-0.07938768958303839,0.02436364698134409,2.2700488242739976,0.11109306371300055,2.646837838334665,0.24020319749212082,7.409044986083759,0.437871922338614,9.312536773372726,1.0752071276591848,0.13164599214386574,-0.22786594640924163,2.2956326041381465,2.7798701892969344,7.516600175827654,10.057037449287526
42,NYC-Q_lemon_15,0.18011069367029622,0.021774764536756846,-0.06964607180808935,0.04705259378170973,2.2728554358218154,0.07967830090757791,2.6840898709999856,0.057130873143823396,7.302629266976575,0.21087260224358306,9.389582966965575,0.21465720979161265,0.15442571616996204,-0.0950929829781908,2.2837665475427307,2.954871510496024,7.563053222087308,11.315240841870642
105,MDBF_Day1_GS_Scale,0.11313882977658866,0.008994556263630374,-0.045550506315191606,0.012805793596476387,2.3586966605206445,0.10896027176291703,2.6883316581276264,0.2740559696764514,11.052170320130704,0.7038636019347178,13.019205854132851,1.9871204997567262,0.10195738620675054,-0.09269597284974807,2.3854257220135957,3.0444324588180876,11.210329123891507,18.948684404921075
72,TAS_ExternalThinking,0.11428242749467325,0.013748392121611913,-0.10123735742179263,0.04594588346224461,2.2834617467144755,0.0735167721947045,2.7189076991912895,0.14864075517185676,9.180685557425619,0.505284617599741,11.332287710779653,1.3405292002449753,0.10109902782613978,-0.058372288337374734,2.344201625363812,3.2247415833802524,9.339912057194374,15.639694643439071
23,TICS_SocialTension,0.1159309420303714,0.01665401819236773,-0.017183634233485085,0.011261686411887968,2.469379030733538,0.17948972746978353,2.777937529475986,0.3557105856545062,10.974540120674092,1.6677169796767521,12.609424016374385,3.4984693561939255,0.09982632005742997,0.01987708651036524,2.486968932538297,3.3564937662327887,11.147823943434082,20.222365069777595
59,MSPSS_SignificantOthers,0.0187459030798028,0.005666645582314595,-0.16428877534062006,0.0625810754322199,2.3928480012146003,0.13340712603115887,2.7996660703825307,0.2922119994291987,14.473909289679463,2.480797799691748,16.96210706090591,6.569984744206676,0.022316506028411842,0.08202351605862335,2.427401840247094,2.015637164081805,14.540993079903618,6.3165955824657765
89,MDBF_Day2_GS_Scale,0.0872099593854974,0.04296051143641316,-0.05623953609798771,0.044604965414261594,2.4116761327028957,0.14113054628503585,2.7997360113300567,0.23313040617926134,14.819575477147502,1.6894825770024502,17.113351986815754,3.1979406118986518,0.07326907344958411,-0.09492239057824237,2.4399355232080646,2.567855990297559,15.02278204278487,10.566253023607784
54,NYC-Q_lemon_27,0.1320582141118477,0.0378006668248306,-0.20500166788393318,0.11361600227985846,2.2735373747404615,0.07518932193243293,2.8051675235263542,0.2506860575155704,7.238703436225614,0.17790863718444913,9.931006851806716,1.4963934518641393,0.1377021807405756,-0.08416937053922124,2.324048796432566,2.7814875976934865,7.246051283635447,9.55437622794722
35,NYC-Q_lemon_8,0.23641383506163507,0.035729371782283637,-0.16532883338702561,0.09915544731900044,2.2686809413729496,0.08995640980694138,2.9001248535514876,0.13044890572999124,6.960990841853726,0.6666922365002966,10.493457097832534,0.32154208391151723,0.2198138508958274,-0.021360714853499774,2.3303380241343836,2.6179821412049415,7.101277668048076,8.557673208476661
25,TICS_ChronicWorrying,0.07718764025320375,0.020286021546384782,-0.11803943642559707,0.1434315788569048,2.5545755156672887,0.16671583458005507,2.9151855282001193,0.40930966478761727,11.891387304443699,1.6270154576153624,14.130535362474399,4.264001332154317,0.07393951312799263,0.005329621225687586,2.5815017670595104,2.7341562794047958,12.044684561398276,11.92819704723436
71,TAS_Describing,0.13710650258664367,0.01168561974361602,-0.013124993538047117,0.02918118446724824,2.748615227177414,0.07994381944218276,3.026770004513866,0.15515523500070574,11.827201713987279,0.9474110254499604,13.655147314381551,1.6503556688543046,0.1356975968807007,-0.041792688245491316,2.7507605658564325,3.760068040338383,11.890657358298439,20.257764988526404
61,MSPSS_Friends,0.08231325186980964,0.01959212341005653,-0.08295091686854221,0.06655163324220928,2.626830566731853,0.15613607618021486,3.027369661571272,0.22481370219121402,15.887302985645404,1.682719770605185,18.5550910898807,4.114915447515611,0.0637857404180534,-0.15358941666549453,2.670087130138264,2.387709859823065,16.261259971575054,8.529432333872553
83,STAXI_AC,0.14940444948125395,0.03707569206968263,-0.05009886498054102,0.026650059797968414,2.6121342449312657,0.2029011308167206,3.0328060320753623,0.35736356305136247,11.441395278713493,1.2927140136283246,14.090276105291409,2.8155607409002545,0.13179157096717076,0.02160064589777022,2.6527894556572957,3.777489024983407,11.676147579206955,22.17061942043882
78,STAXI_Trait_Anger,0.11792434425832003,0.028300518331213203,-0.023606612931693343,0.012971079078219608,2.7662386667762657,0.40135921435240907,3.119711476510521,0.7781231541248393,14.527649503257123,3.373748136962049,16.705284114717298,6.9939992082738485,0.10828242697931989,-0.05427031401024163,2.778685162960553,3.672681011087579,14.627451312863887,20.137186826183786
21,TICS_WorkDemands,0.09728079417536213,0.010146508684166574,-0.04302333963163537,0.05137094818270388,2.8476637000542877,0.13240417654078146,3.1845550106838174,0.25780775225512176,14.902926198590754,1.3004428632132259,17.200692952842218,3.5253336450988506,0.09330530028051898,-0.07005484919421479,2.861391541975912,4.123952350482227,14.997235542931557,27.648360008765703
81,STAXI_AI,0.12683470188634083,0.015695311136480528,-0.025935831655567343,0.003285730206852707,2.875644904397118,0.11230871763477816,3.243141052757537,0.21578245087269357,13.32410250503252,0.7745262669973767,15.614679416924185,2.0226484516860896,0.11426751589411599,0.017227896236931994,2.910421508360588,2.7896450025808592,13.540031177558802,13.380174046499418
93,UPPS_lack_premeditation,0.08244524352739173,0.017785422939920224,-0.03169250959801909,0.021059845123703395,2.977669770200064,0.08504845014847064,3.2889461953344434,0.20262202767247642,16.149382298534317,0.6522586621008688,18.140389699103384,2.1138292314312626,0.07717496458058948,-0.09532699141017353,3.0080578418199617,2.7124187165249634,16.268204063747213,12.387781003443662
91,MDBF_Day2_RU_Scale,0.10552371188411691,0.020328009768682032,-0.1506038493112963,0.08521870223776994,2.998448084174976,0.33566153676833294,3.5221121398063566,0.7908754712451386,18.04370810705872,2.9859853012415787,22.613102364590233,8.173183374424847,0.08859984736885818,-0.2210618941133875,3.053856815510759,3.3164332494194766,18.636365448426993,22.491301791900497
60,MSPSS_Family,-0.0016005729714855994,0.031166733256135587,-0.09132202758697416,0.047863443139506585,3.164140521439762,0.22713078947809526,3.5377976782263842,0.4435435938020858,24.087117053197073,3.331461622529259,26.080666136448226,6.213435179144894,-0.0022974018860328904,-0.19762776211730482,3.2082068632493335,5.4891625610827095,24.080961136018512,55.20111235436934
24,TICS_SocialIsolation,0.06605437517725483,0.01634857576648357,-0.03667097016713313,0.012417247522719213,3.210089589723855,0.06982477749020072,3.6160998267431097,0.14711808331801635,20.112576823778575,0.6757281764568818,22.30487877120464,0.49511163183216583,0.060952272478061786,-0.04710152872206197,3.2426809625229276,3.6267259785416073,20.218659155950757,23.25102368905912
92,UPPS_urgency,0.11051323997535449,0.032900016214581294,-0.08060530602768501,0.016160236453689143,3.2814092522900804,0.22055029803598405,3.750054610535661,0.33048631324145294,19.776217867105768,2.3591482973547864,23.49244469581129,4.5489607251088975,0.09560961088552178,-0.10166460977646707,3.3201110146103767,4.020308683629672,20.1733760201719,23.182036489484286
94,UPPS_lack_perseverance,0.10097545793639262,0.019422465068928814,-0.09616661243746487,0.05163073459179916,3.3037109242055216,0.14930840865910638,3.7612256631421332,0.2709712123923811,18.687715871072957,0.6627596752271223,22.25986085653204,1.5601122342879459,0.0878058475222736,-0.07856171023815128,3.351034369996681,3.5564031023713816,19.09261793591848,23.755303940156516
70,TAS_Identification,0.07774421798296938,0.021574666650137405,-0.15140719951066015,0.06749171369644963,3.2676842106817356,0.06768247192339157,3.7790882475325875,0.16773322399632765,17.585578363141497,1.0341376201011805,21.36211217065346,1.0625418473574404,0.06755686097075875,0.008899749485685726,3.3190628185441198,3.1579240903968637,17.913628913275808,16.808955990971235
18,TICS_SocialOverload,0.09748061818770211,0.010147269495369236,-0.1208320514527322,0.012292912744454985,3.270731176000554,0.06653442082489534,3.8535017500546136,0.08881844087357589,18.88022297718464,0.7204146712209867,23.009809690728616,2.5167543367411116,0.0818688914594018,-0.13837044037809032,3.343790234313774,3.3122526796883007,19.329647835428688,16.55689078372394
69,LOT_sumscore,0.12677307895828202,0.016123399517617265,-0.04300703505635628,0.0029962907763600947,3.4083773441725853,0.10312616136334377,3.8907012309817737,0.3387975142971537,22.125713951509443,1.2894959899901983,26.32673934039183,3.801108238394199,0.10806038063319667,-0.16340707569207202,3.4390388831779717,2.956120613648144,22.666173680319314,13.407100080690752
107,MDBF_Day1_RU_Scale,0.11175273065724711,0.017538744159446458,-0.09431907378811277,0.027328176130293785,3.376654017939007,0.051162830269316006,3.909926848806735,0.09718480576346372,19.31783158963468,1.329757804373388,23.602890456391833,3.0372316778084105,0.1085644354248364,-0.04462687217792394,3.4354845911880134,4.296674971368361,19.435866756482532,29.25916765846412
74,FEV_KK,0.0700233263170843,0.0034814809308648734,-0.10119385295984203,0.05439069874311981,3.7741069241522562,0.13691675456470692,4.194598564715087,0.25922619900128335,21.628578075026756,1.45291813854593,25.175224737176148,4.265012528843659,0.08018223654844436,-0.029939178129632982,3.8000433112984897,3.490549343910881,21.51759749888932,17.29566501498165
20,TICS_WorkDiscontent,0.05495027746428938,0.019370467965776562,-0.05797847530610167,0.056984929856845744,3.8327575616923304,0.09088501778860572,4.254390399651515,0.18311307324165274,27.45185928229667,1.769593008767879,30.605107818087088,2.7470823114271377,0.041019797875731734,-0.08707987791101401,3.8731494906140833,5.492372495150541,27.849989311757163,52.85881236722076
106,MDBF_Day1_WM_Scale,0.0521528231973292,0.024643622978835614,-0.05260609133450944,0.03795526136387087,4.273917740268353,0.19785701044055698,4.653678993453732,0.41272268284277025,31.810079349329033,2.4826291758593464,35.15441025119307,2.928560708939345,0.04942302233662499,-0.03971572835612047,4.290375023255897,4.927508509085289,31.868077551953967,44.25456689926051
90,MDBF_Day2_WM_Scale,0.0366324292831578,0.01106684239547288,-0.08590184956552964,0.045152134628483866,4.835006998015268,0.28215248236839685,5.297072381729668,0.620357329712676,41.513008766250316,4.529380339773421,46.59607836404916,10.026647514445783,0.026737143264599306,-0.12682269901036913,4.858796859173488,5.169376798917077,41.974920158063526,43.48157649593463
19,TICS_PressuereToPerform,0.06730264239930406,0.0024385230150289787,-0.07457178129024548,0.011325394749094206,4.878116562997543,0.21235980271719385,5.407457262885226,0.4475414514260417,42.65501271771902,2.9485586302146176,49.09786065033099,7.388721565084386,0.049786927620936394,-0.09428203333116958,4.958211480179089,3.9176950541453155,43.49563635976241,23.669874356736013
17,TICS_WorkOverload,0.05837730967684066,0.01215411978411556,-0.04577056983851965,0.05627429696890512,5.121466556422235,0.3482265470114592,5.609623906328952,0.6773469891271312,44.644582978665674,3.570322258442609,49.510472605722576,11.19761456656504,0.05169651066274061,-0.06164943469319617,5.150802732292519,4.753263293198816,45.17764427861367,41.657699908849
95,UPPS_sens_seek,0.056835872257276376,0.01547539566928421,-0.061913269561180075,0.03329021157224252,5.277815228333391,0.1884231950296014,5.818429706906811,0.33406184994322324,45.548227360296345,2.216519438301599,51.16156037832951,5.5732180682286385,0.05152573576142849,-0.28289953808298174,5.345455145724577,5.94621846728859,45.856446792310486,48.63041141861434
73,TAS_OverallScore,0.08610909018936945,0.008718177115629028,-0.009746795495701677,0.02958932201945664,6.054748794750265,0.08329212542592206,6.514280869597914,0.13241633518253568,57.60081131052729,0.4445973761517176,63.1567973839089,0.8975241410756931,0.07929761892534737,-0.046596015191957774,6.091538355749803,7.982144898680758,58.17052577055745,94.48677082320766
26,TICS_ScreeningScale,0.05193445961697263,0.02207886067596879,-0.07646764890096998,0.045216456554674316,6.20147706636356,0.3270888990349727,6.859589940704339,0.6646428247068505,65.43087608640936,8.122896207954739,73.72195738321896,17.783074006598365,0.04340012411212779,-0.031310858811619324,6.285388578650707,7.74864500267024,66.1536219643686,90.2997073853361
27,STAI_Trait_Anxiety,0.058891074480569926,0.02516927751468106,-0.12938557561619826,0.019535843715518746,6.3458492363114445,0.23488197447357026,7.151259325292538,0.38458992759639093,68.08180012722688,5.269582415390843,79.78730262408031,9.485585364654153,0.04887178872333553,-0.0019994197340462705,6.464559864325561,6.650856512765567,69.20016626478119,66.27952769194108
62,MSPSS_total,0.02392907496679279,0.004737779124268444,-0.02270363455444102,0.037295880833316815,7.198461062196036,0.049747169294526654,7.531115186923991,0.1048372516923074,114.46481260486456,5.536976518198687,119.1818902192295,10.232145551476068,0.026542891012671488,-0.06316523977050892,7.187420852040914,7.61815712756234,114.31892921139024,79.37182071428063
88,PSQ_OverallScore,-0.014619753834204477,0.020405113705935757,-0.11318738069510537,0.06991008387534885,11.820127131598854,0.4321414955014323,12.699822708963614,0.7967378083403955,243.52509752717023,12.089495667047702,265.0248494686214,46.006037094298414,-0.008694695649301476,-0.1786921833640569,11.9141365905252,13.654549374007598,243.42650897694736,322.62705397352477
7,TeiQueSF_total,0.026883045425619295,0.005138572202823791,-0.06219842945395112,0.04209104944856774,13.29691268353996,0.45769162195056157,14.022377466536447,0.990943995350363,281.47516945930255,24.84331880992278,303.07568572180656,64.24015977107953,0.023121338474787256,-0.10535473660285022,13.39579675555992,15.40877858721525,284.3164480526371,379.728958750985
85,PSQ_Tension,0.005140144241640961,0.0063322135389035075,-0.027601134393501942,0.01395965158096795,14.676985602885138,1.2942364852754804,15.070764586935084,2.6715256741182087,390.5840386750706,52.25168099584297,402.28384177483423,106.54743358300419,0.0049102715421143195,-0.014874281884781348,14.700349677522045,13.510138717343684,390.9901559801639,292.87452430095095
84,PSQ_Worries,0.0006298366067493492,0.046725135625876,-0.057555686689768105,0.06606698023966713,14.389490030833132,0.5203149483253096,15.291256503624501,0.8001975295276418,353.24804395297014,48.01229858036805,369.08778815569696,61.01340260398195,0.02662806030385978,-0.002023178897887057,14.505769100160618,15.035202579420343,343.1368960035105,350.65321325104946
86,PSQ_Joy,0.03028289920746685,0.03316224465020816,-0.15692930380898962,0.14138199219660774,14.421356326012905,0.8745481150977663,16.11497687782511,1.690175039399108,321.6505448053745,33.77923206421419,372.43774628275327,54.07783985138229,0.03387397639051015,-0.04636545783131241,14.776084742238954,14.724790937232587,322.10376258307264,345.3181819199089
87,PSQ_Demands,0.0059757524740132,0.027679137095510026,-0.06099090310681787,0.05090048122378752,16.25741982673241,0.7161601899816686,17.249201597560276,1.8370308100025696,445.41387674139423,33.40090887070782,476.8008151408969,120.60031040897405,0.023610784961333287,0.0024377077192033747,16.39319981997906,16.01245171371167,440.0634480257352,375.0350340415295
122,TICS_OverallScore,0.013694648044680643,0.00091847403503549,-0.019638302371117078,0.012490784638568382,31.10190306113382,0.6116850085124748,31.977595469181534,1.1325637136698676,1616.276048074342,89.50057426730582,1655.9179952180475,185.06147123200856,0.014613776285149815,-0.014533113179351576,31.225715369441666,26.46771026558962,1619.002198720213,1140.4846310593189
